{"cameraMode":{"drawMode":0,"name":"Shaded","section":"Shading Mode"},"sceneLighting":true,"audioPlay":false,"sceneViewState":{"m_AlwaysRefresh":false,"showFog":true,"showSkybox":true,"showFlares":true,"showImageEffects":true,"showParticleSystems":true,"showVisualEffectGraphs":true,"m_FxEnabled":true},"in2DMode":false,"pivot":{"x":837.2257080078125,"y":588.9281005859375,"z":-76.387451171875},"rotation":{"x":-0.0074998196214437489,"y":-0.004499903414398432,"z":-0.00003366553573869169,"w":0.999963104724884},"size":553.6438598632813,"orthographic":false}