{"cameraMode":{"drawMode":0,"name":"Shaded","section":"Shading Mode"},"sceneLighting":true,"audioPlay":false,"sceneViewState":{"m_AlwaysRefresh":false,"showFog":true,"showSkybox":true,"showFlares":true,"showImageEffects":true,"showParticleSystems":true,"showVisualEffectGraphs":true,"m_FxEnabled":true},"in2DMode":false,"pivot":{"x":4.065957069396973,"y":5.727311134338379,"z":-7.3408613204956059},"rotation":{"x":0.030848419293761255,"y":-0.05394801124930382,"z":0.0016674376092851163,"w":0.9980658888816834},"size":3.6816658973693849,"orthographic":false}