{"cameraMode":{"drawMode":0,"name":"Shaded","section":"Shading Mode"},"sceneLighting":true,"audioPlay":false,"sceneViewState":{"m_AlwaysRefresh":false,"showFog":true,"showSkybox":true,"showFlares":true,"showImageEffects":true,"showParticleSystems":true,"showVisualEffectGraphs":true,"m_FxEnabled":true},"in2DMode":false,"pivot":{"x":4.087090015411377,"y":1.7454161643981934,"z":-7.900155067443848},"rotation":{"x":0.016479043290019037,"y":-0.04947304725646973,"z":0.0008163795573636889,"w":0.9986391067504883},"size":4.801436901092529,"orthographic":false}